	pc1	pc2	group
sims_5_0_0.716.jpg	-17.964626	-1.0278633	cluster 2
sims_23_0_0.893.jpg	-14.07974	-1.4653249	cluster 2
sims_34_0_0.363.jpg	-7.128655	9.822309	cluster 2
sims_7_0_0.716.jpg	-17.964624	-1.0278618	cluster 2
sims_20_0_0.956.jpg	22.576048	0.17574026	cluster 2
sims_3_0_0.091.jpg	17.21961	-2.5990129	cluster 2
sims_8_0_0.716.jpg	-17.964626	-1.0278636	cluster 2
sims_33_0_0.363.jpg	-7.128655	9.822306	cluster 2
sims_12_0_-0.913.jpg	-4.565477	17.46467	cluster 2
sims_19_0_0.956.jpg	22.576048	0.17574026	cluster 2
sims_18_0_0.956.jpg	22.576048	0.17574026	cluster 2
sims_17_0_0.956.jpg	22.576048	0.17574026	cluster 2
sims_30_0_0.811.jpg	2.2214968	3.3466918	cluster 2
sims_25_0_0.922.jpg	22.744534	-9.062578	cluster 2
sims_36_0_0.363.jpg	-7.128655	9.822306	cluster 2
sims_27_0_0.922.jpg	22.744534	-9.062578	cluster 2
sims_26_0_0.922.jpg	22.744534	-9.062578	cluster 2
sims_28_0_0.922.jpg	22.744534	-9.062578	cluster 2
sims_22_0_0.893.jpg	-14.07974	-1.4653237	cluster 2
sims_6_0_0.716.jpg	-17.964624	-1.0278635	cluster 2
sims_15_0_1.0.jpg	-21.023195	-16.654636	cluster 1
sims_9_0_-0.913.jpg	-4.565477	17.46467	cluster 2
sims_35_0_0.363.jpg	-7.128655	9.822306	cluster 2
sims_13_0_1.0.jpg	-21.023195	-16.654636	cluster 1
sims_24_0_0.893.jpg	-14.07974	-1.4653237	cluster 2
sims_14_0_1.0.jpg	-21.023195	-16.654636	cluster 1
sims_21_0_0.893.jpg	-14.07974	-1.4653237	cluster 2
sims_2_0_0.091.jpg	17.21961	-2.5990129	cluster 2
sims_4_0_0.091.jpg	17.21961	-2.5990129	cluster 2
sims_1_0_0.091.jpg	17.21961	-2.5990129	cluster 2
sims_29_0_0.811.jpg	2.2214968	3.3466918	cluster 2
sims_11_0_-0.913.jpg	-4.565477	17.46467	cluster 2
sims_10_0_-0.913.jpg	-4.5654774	17.464672	cluster 2
sims_32_0_0.811.jpg	2.2214968	3.3466897	cluster 2
sims_31_0_0.811.jpg	2.2214968	3.3466897	cluster 2
sims_16_0_1.0.jpg	-21.023193	-16.654634	cluster 1
